{
  "_generated": "Generated by SweetTooth, do not edit",
  "description": "Another extension, that removes the 'Window is ready' notification and puts the window into focus. In contrast to all the other extensions, this uses ES6 syntax and is actively maintained.",
  "gettext-domain": "gnome-shell-extension-noannoyance",
  "name": "NoAnnoyance v2",
  "settings-schema": "org.gnome.shell.extensions.noannoyance",
  "shell-version": [
    "40",
    "41",
    "42",
    "43"
  ],
  "url": "https://github.com/BjoernDaase/noannoyance",
  "uuid": "noannoyance@daase.net",
  "version": 17
}